building_id,case,circuit_pause,circuit_share,circuit_pause_name,secondary_cs_load_name,primary_cs_load_name,panel_management_solution,least_lifecycle_cost_case,panel,circuit_pause_name2
498,1,0,1,,Clothes Dryer,Cooking Range,True,True,200,
578,1,1,1,Clothes Dryer,Water Heating,Cooking Range,True,True,100,
1240,1,0,1,,Clothes Dryer,Cooking Range,True,True,100,
1368,1,0,1,,Water Heating,Cooking Range,True,True,100,
1482,1,0,1,,Clothes Dryer,Cooking Range,True,True,100,
1720,1,2,0,Clothes Dryer,,,True,True,100,Water Heating
1723,1,0,1,,Clothes Dryer,Cooking Range,True,True,125,
1986,1,1,0,Water Heating,,,True,True,100,
2401,1,1,0,Water Heating,,,True,True,100,
2615,1,1,0,Water Heating,,,True,True,100,
3309,1,0,1,,Water Heating,Cooking Range,True,True,60,
3834,1,1,0,Water Heating,,,True,True,60,
4025,1,0,1,,Water Heating,Cooking Range,True,True,60,
4350,1,1,1,Clothes Dryer,Water Heating,Cooking Range,True,True,100,
4497,1,0,1,,Water Heating,Cooking Range,True,True,60,
5323,1,1,1,Water Heating,Clothes Dryer,Cooking Range,True,True,100,
5698,1,0,1,,Water Heating,Cooking Range,True,True,60,
5878,1,1,0,Water Heating,,,True,True,90,
5896,1,1,1,Clothes Dryer,Water Heating,Cooking Range,True,True,100,
6014,1,0,1,,Clothes Dryer,Cooking Range,True,True,100,
6595,1,1,0,Water Heating,,,True,True,100,
6863,1,1,0,Clothes Dryer,,,True,True,100,
6936,1,1,1,Water Heating,Clothes Dryer,Cooking Range,True,True,100,
6950,1,0,1,,Water Heating,Cooking Range,True,True,60,
6982,1,1,0,Water Heating,,,True,True,100,
7235,1,0,1,,Clothes Dryer,Cooking Range,True,True,100,
7857,1,0,1,,Clothes Dryer,Cooking Range,True,True,100,
7979,1,1,0,Water Heating,,,True,True,100,
8418,1,1,0,Water Heating,,,True,True,90,
8438,1,0,1,,Water Heating,Cooking Range,True,True,60,
8473,1,1,1,Clothes Dryer,Water Heating,Cooking Range,True,True,100,
8724,1,2,0,Clothes Dryer,,,True,True,100,Water Heating
8890,1,0,1,,Water Heating,Clothes Dryer,True,True,125,
9709,1,0,1,,Clothes Dryer,Cooking Range,True,True,100,
9778,1,0,1,,Clothes Dryer,Cooking Range,True,True,100,
10280,1,0,1,,Clothes Dryer,Cooking Range,True,True,100,
10396,1,0,1,,Water Heating,Cooking Range,True,True,100,
10400,1,0,1,,Clothes Dryer,Cooking Range,True,True,100,
10904,1,1,1,Clothes Dryer,Water Heating,Cooking Range,True,True,125,
10924,1,0,1,,Water Heating,Cooking Range,True,True,100,
11035,1,1,1,Water Heating,Clothes Dryer,Cooking Range,True,True,100,
11670,1,0,1,,Water Heating,Cooking Range,True,True,100,
11860,1,1,0,Water Heating,,,True,True,100,
12176,1,1,0,Water Heating,,,True,True,90,
12216,1,2,0,Water Heating,,,True,True,100,Clothes Dryer
12224,1,1,0,Water Heating,,,True,True,100,
12345,1,1,1,Water Heating,Clothes Dryer,Cooking Range,True,True,100,
12447,1,0,1,,Water Heating,Cooking Range,True,True,100,
12510,1,1,1,Water Heating,Clothes Dryer,Cooking Range,True,True,100,
12565,1,0,1,,Clothes Dryer,Water Heating,True,True,125,
12625,1,0,1,,Clothes Dryer,Cooking Range,True,True,100,
13288,1,1,0,Water Heating,,,True,True,100,
13293,1,1,0,Water Heating,,,True,True,100,
13388,1,0,1,,Water Heating,Clothes Dryer,True,True,100,
13471,1,0,1,,Water Heating,Cooking Range,True,True,100,
13482,1,1,1,Water Heating,Clothes Dryer,Cooking Range,True,True,100,
13713,1,1,0,Water Heating,,,True,True,100,
14097,1,1,0,Water Heating,,,True,True,125,
14281,1,0,1,,Water Heating,Cooking Range,True,True,60,
14512,1,1,0,Water Heating,,,True,True,90,
14864,1,1,0,Water Heating,,,True,True,100,
16234,1,0,1,,Clothes Dryer,Cooking Range,True,True,100,
16384,1,0,1,,Water Heating,Cooking Range,True,True,100,
16410,1,0,1,,Clothes Dryer,Cooking Range,True,True,100,
16622,1,1,0,Water Heating,,,True,True,100,
16769,1,1,0,Water Heating,,,True,True,90,
17150,1,0,1,,Water Heating,Cooking Range,True,True,60,
17285,1,0,1,,Water Heating,Cooking Range,True,True,60,
17343,1,0,1,,Clothes Dryer,Cooking Range,True,True,100,
17497,1,1,0,Water Heating,,,True,True,100,
17580,1,1,0,Water Heating,,,True,True,100,
17733,1,0,1,,Clothes Dryer,Cooking Range,True,True,200,
17827,1,0,1,,Water Heating,Cooking Range,True,True,100,
18331,1,0,1,,Clothes Dryer,Cooking Range,True,True,60,
18434,1,1,0,Water Heating,,,True,True,100,
18664,1,0,1,,Clothes Dryer,Cooking Range,True,True,100,
18675,1,0,1,,Clothes Dryer,Cooking Range,True,True,60,
19425,1,1,0,Water Heating,,,True,True,150,
19433,1,0,1,,Water Heating,Clothes Dryer,True,True,100,
19465,1,1,1,Clothes Dryer,Water Heating,Cooking Range,True,True,150,
19802,1,1,0,Water Heating,,,True,True,100,
19975,1,1,0,Water Heating,,,True,True,100,
20103,1,0,1,,Water Heating,Clothes Dryer,True,True,100,
20109,1,0,1,,Clothes Dryer,Cooking Range,True,True,200,
20122,1,1,0,Water Heating,,,True,True,100,
20179,1,1,1,Water Heating,Clothes Dryer,Cooking Range,True,True,100,
20710,1,0,1,,Water Heating,Cooking Range,True,True,100,
20860,1,0,1,,Water Heating,Cooking Range,True,True,60,
20972,1,2,0,Water Heating,,,True,True,150,Clothes Dryer
21036,1,0,1,,Water Heating,Cooking Range,True,True,60,
21195,1,1,1,Water Heating,Clothes Dryer,Cooking Range,True,True,100,
22177,1,1,0,Water Heating,,,True,True,100,
22387,1,1,0,Water Heating,,,True,True,100,
22933,1,0,1,,Water Heating,Cooking Range,True,True,100,
23862,1,0,1,,Clothes Dryer,Cooking Range,True,True,125,
24329,1,1,0,Water Heating,,,True,True,100,
24400,1,1,1,Clothes Dryer,Water Heating,Cooking Range,True,True,60,
24680,1,0,1,,Water Heating,Clothes Dryer,True,True,100,
25077,1,1,0,Water Heating,,,True,True,100,
25116,1,1,0,Water Heating,,,True,True,100,
25123,1,1,0,Water Heating,,,True,True,100,
25141,1,0,1,,Water Heating,Cooking Range,True,True,125,
25726,1,1,1,Water Heating,Clothes Dryer,Cooking Range,True,True,200,
26084,1,0,1,,Water Heating,Clothes Dryer,True,True,100,
27030,1,0,1,,Clothes Dryer,Cooking Range,True,True,100,
27188,1,1,1,Clothes Dryer,Water Heating,Cooking Range,True,True,100,
27231,1,1,0,Water Heating,,,True,True,100,
27326,1,0,1,,Clothes Dryer,Cooking Range,True,True,60,
27354,1,0,1,,Clothes Dryer,Cooking Range,True,True,100,
27773,1,0,1,,Clothes Dryer,Cooking Range,True,True,100,
28136,1,0,1,,Clothes Dryer,Cooking Range,True,True,100,
28201,1,2,0,Water Heating,,,True,True,90,Clothes Dryer
28207,1,1,0,Water Heating,,,True,True,125,
28482,1,0,1,,Clothes Dryer,Water Heating,True,True,100,
28957,1,0,1,,Water Heating,Cooking Range,True,True,60,
29155,1,0,1,,Water Heating,Clothes Dryer,True,True,125,
29447,1,0,1,,Water Heating,Clothes Dryer,True,True,90,
29636,1,1,0,Water Heating,,,True,True,100,
29924,1,0,1,,Clothes Dryer,Cooking Range,True,True,90,
3872,2,0,1,,Water Heating,Clothes Dryer,True,True,100,
9238,2,1,0,Water Heating,,,True,True,200,
19303,2,0,1,,Clothes Dryer,Cooking Range,True,True,100,
2060,3,0,1,,Clothes Dryer,Cooking Range,True,True,100,
10666,4,0,1,,Clothes Dryer,Cooking Range,True,True,200,
11373,4,0,1,,Clothes Dryer,Cooking Range,True,True,125,
12710,4,0,1,,Water Heating,Clothes Dryer,True,True,125,
24122,4,0,1,,Clothes Dryer,Cooking Range,True,True,100,
2120,5,0,1,,Clothes Dryer,Cooking Range,True,True,200,
4387,5,0,1,,Clothes Dryer,Cooking Range,True,True,200,
10337,5,0,1,,Water Heating,Cooking Range,True,True,125,
25394,5,0,1,,Clothes Dryer,Cooking Range,True,True,200,
28842,5,0,1,,Clothes Dryer,Cooking Range,True,True,200,
593,6,1,0,Clothes Dryer,,,True,True,100,
1512,6,1,0,Clothes Dryer,,,True,True,100,
3305,6,0,1,,Clothes Dryer,Cooking Range,True,True,100,
3549,6,1,0,Clothes Dryer,,,True,True,100,
3705,6,1,0,Clothes Dryer,,,True,True,100,
4249,6,0,1,,Water Heating,Cooking Range,True,True,100,
5385,6,0,1,,Clothes Dryer,Water Heating,True,True,100,
5653,6,0,1,,Water Heating,Cooking Range,True,True,100,
7001,6,0,1,,Clothes Dryer,Cooking Range,True,True,125,
7981,6,0,1,,Water Heating,Cooking Range,True,True,100,
8232,6,0,1,,Clothes Dryer,Water Heating,True,True,100,
11903,6,0,1,,Clothes Dryer,Cooking Range,True,True,100,
12242,6,1,0,Clothes Dryer,,,True,True,100,
13374,6,0,1,,Water Heating,Cooking Range,True,True,100,
13625,6,0,1,,Water Heating,Clothes Dryer,True,True,100,
15446,6,1,0,Clothes Dryer,,,True,True,125,
15644,6,0,1,,Clothes Dryer,Cooking Range,True,True,100,
16541,6,0,1,,Clothes Dryer,Cooking Range,True,True,125,
16919,6,1,0,Clothes Dryer,,,True,True,100,
16962,6,1,0,Clothes Dryer,,,True,True,100,
17167,6,1,0,Clothes Dryer,,,True,True,100,
18685,6,1,0,Clothes Dryer,,,True,True,100,
19212,6,0,1,,Water Heating,Cooking Range,True,True,125,
20586,6,1,0,Clothes Dryer,,,True,True,100,
20904,6,1,0,Clothes Dryer,,,True,True,100,
22235,6,1,0,Clothes Dryer,,,True,True,100,
22270,6,0,1,,Clothes Dryer,Cooking Range,True,True,100,
22371,6,1,0,Clothes Dryer,,,True,True,100,
22514,6,0,1,,Water Heating,Cooking Range,True,True,100,
22580,6,1,0,Clothes Dryer,,,True,True,100,
25231,6,0,1,,Water Heating,Clothes Dryer,True,True,100,
26402,6,0,1,,Water Heating,Clothes Dryer,True,True,100,
27002,6,0,1,,Clothes Dryer,Water Heating,True,True,100,
27242,6,0,1,,Clothes Dryer,Cooking Range,True,True,125,
29507,6,1,0,Clothes Dryer,,,True,True,100,
3439,7,0,1,,Water Heating,Cooking Range,True,True,100,
4146,7,0,1,,Water Heating,Clothes Dryer,True,True,100,
9586,7,1,0,Clothes Dryer,,,True,True,100,
12666,7,0,1,,Water Heating,Cooking Range,True,True,100,
12674,7,0,1,,Clothes Dryer,Cooking Range,True,True,100,
12777,7,0,1,,Water Heating,Cooking Range,True,True,100,
21242,7,1,0,Clothes Dryer,,,True,True,100,
25902,7,0,1,,Clothes Dryer,Cooking Range,True,True,60,
25941,7,1,0,Clothes Dryer,,,True,True,100,
27848,7,1,0,Clothes Dryer,,,True,True,100,
173,8,1,1,Water Heating,Clothes Dryer,Cooking Range,True,True,100,
560,8,0,1,,Clothes Dryer,Cooking Range,True,True,100,
915,8,1,0,Water Heating,,,True,True,100,
1146,8,0,1,,Water Heating,Cooking Range,True,True,60,
1181,8,0,1,,Clothes Dryer,Cooking Range,True,True,200,
1325,8,0,1,,Water Heating,Cooking Range,True,True,60,
1430,8,0,1,,Water Heating,Cooking Range,True,True,60,
1448,8,0,1,,Water Heating,Cooking Range,True,True,60,
1498,8,1,0,Water Heating,,,True,True,200,
1500,8,0,1,,Clothes Dryer,Cooking Range,True,True,100,
1506,8,0,1,,Clothes Dryer,Cooking Range,True,True,150,
1891,8,1,1,Water Heating,Clothes Dryer,Cooking Range,True,True,60,
1893,8,1,0,Water Heating,,,True,True,200,
1926,8,1,0,Water Heating,,,True,True,100,
1954,8,0,1,,Water Heating,Cooking Range,True,True,120,
1983,8,0,1,,Water Heating,Cooking Range,True,True,60,
2070,8,0,1,,Water Heating,Cooking Range,True,True,60,
2189,8,0,1,,Clothes Dryer,Cooking Range,True,True,200,
2216,8,0,1,,Water Heating,Clothes Dryer,True,True,100,
2235,8,0,1,,Clothes Dryer,Cooking Range,True,True,125,
2277,8,0,1,,Clothes Dryer,Cooking Range,True,True,100,
2293,8,1,0,Water Heating,,,True,True,100,
2396,8,0,1,,Clothes Dryer,Cooking Range,True,True,100,
2443,8,0,1,,Clothes Dryer,Cooking Range,True,True,100,
2541,8,0,1,,Clothes Dryer,Cooking Range,True,True,100,
2858,8,0,1,,Water Heating,Cooking Range,True,True,60,
2913,8,0,1,,Clothes Dryer,Cooking Range,True,True,100,
3066,8,0,1,,Clothes Dryer,Cooking Range,True,True,100,
3110,8,0,1,,Water Heating,Cooking Range,True,True,60,
3146,8,0,1,,Water Heating,Cooking Range,True,True,60,
3153,8,0,1,,Water Heating,Cooking Range,True,True,60,
3224,8,0,1,,Water Heating,Cooking Range,True,True,60,
3344,8,0,1,,Clothes Dryer,Cooking Range,True,True,125,
3427,8,0,1,,Water Heating,Cooking Range,True,True,125,
3535,8,1,1,Clothes Dryer,Water Heating,Cooking Range,True,True,200,
3589,8,0,1,,Clothes Dryer,Cooking Range,True,True,100,
3611,8,0,1,,Water Heating,Cooking Range,True,True,100,
3758,8,0,1,,Clothes Dryer,Cooking Range,True,True,100,
3792,8,0,1,,Water Heating,Cooking Range,True,True,100,
3987,8,0,1,,Clothes Dryer,Cooking Range,True,True,100,
4103,8,0,1,,Clothes Dryer,Cooking Range,True,True,200,
4274,8,0,1,,Water Heating,Clothes Dryer,True,True,200,
4317,8,1,1,Water Heating,Clothes Dryer,Cooking Range,True,True,100,
4318,8,0,1,,Clothes Dryer,Water Heating,True,True,100,
4440,8,0,1,,Clothes Dryer,Cooking Range,True,True,100,
4490,8,0,1,,Clothes Dryer,Cooking Range,True,True,100,
4635,8,0,1,,Water Heating,Cooking Range,True,True,60,
5364,8,0,1,,Clothes Dryer,Cooking Range,True,True,100,
5403,8,0,1,,Water Heating,Clothes Dryer,True,True,200,
5465,8,0,1,,Water Heating,Cooking Range,True,True,60,
5695,8,0,1,,Water Heating,Cooking Range,True,True,60,
5750,8,0,1,,Water Heating,Cooking Range,True,True,125,
5767,8,0,1,,Water Heating,Cooking Range,True,True,60,
5930,8,0,1,,Water Heating,Cooking Range,True,True,60,
6116,8,1,1,Clothes Dryer,Water Heating,Cooking Range,True,True,60,
6242,8,1,0,Water Heating,,,True,True,60,
6385,8,1,1,Clothes Dryer,Water Heating,Cooking Range,True,True,60,
6738,8,0,1,,Water Heating,Cooking Range,True,True,100,
7434,8,0,1,,Water Heating,Cooking Range,True,True,60,
7672,8,1,0,Water Heating,,,True,True,200,
7859,8,0,1,,Clothes Dryer,Cooking Range,True,True,200,
7913,8,1,0,Water Heating,,,True,True,100,
7950,8,0,1,,Clothes Dryer,Cooking Range,True,True,200,
8007,8,0,1,,Water Heating,Cooking Range,True,True,60,
8227,8,1,0,Water Heating,,,True,True,60,
8358,8,1,0,Water Heating,,,True,True,125,
8692,8,0,1,,Clothes Dryer,Cooking Range,True,True,100,
8834,8,0,1,,Clothes Dryer,Cooking Range,True,True,100,
8846,8,0,1,,Water Heating,Cooking Range,True,True,60,
8870,8,0,1,,Water Heating,Cooking Range,True,True,60,
8881,8,0,1,,Clothes Dryer,Cooking Range,True,True,100,
9038,8,0,1,,Water Heating,Cooking Range,True,True,60,
9388,8,0,1,,Clothes Dryer,Cooking Range,True,True,100,
9422,8,1,0,Water Heating,,,True,True,200,
9763,8,0,1,,Water Heating,Cooking Range,True,True,60,
9916,8,0,1,,Clothes Dryer,Cooking Range,True,True,125,
9953,8,0,1,,Water Heating,Cooking Range,True,True,60,
10025,8,1,0,Water Heating,,,True,True,100,
10075,8,0,1,,Water Heating,Cooking Range,True,True,60,
10412,8,1,0,Water Heating,,,True,True,60,
10431,8,0,1,,Water Heating,Clothes Dryer,True,True,100,
10698,8,1,1,Water Heating,Clothes Dryer,Cooking Range,True,True,200,
10871,8,0,1,,Clothes Dryer,Cooking Range,True,True,100,
10902,8,0,1,,Water Heating,Cooking Range,True,True,60,
10992,8,0,1,,Water Heating,Cooking Range,True,True,100,
11107,8,0,1,,Clothes Dryer,Cooking Range,True,True,150,
11425,8,0,1,,Water Heating,Cooking Range,True,True,120,
11563,8,0,1,,Water Heating,Cooking Range,True,True,60,
11827,8,0,1,,Water Heating,Cooking Range,True,True,60,
11875,8,0,1,,Clothes Dryer,Water Heating,True,True,150,
11957,8,0,1,,Clothes Dryer,Cooking Range,True,True,100,
12037,8,1,0,Water Heating,,,True,True,100,
12340,8,0,1,,Clothes Dryer,Cooking Range,True,True,100,
12409,8,0,1,,Water Heating,Clothes Dryer,True,True,100,
12429,8,0,1,,Water Heating,Cooking Range,True,True,60,
12600,8,0,1,,Water Heating,Cooking Range,True,True,60,
12724,8,0,1,,Water Heating,Cooking Range,True,True,60,
12764,8,0,1,,Water Heating,Clothes Dryer,True,True,100,
12793,8,1,0,Water Heating,,,True,True,60,
12849,8,1,1,Water Heating,Clothes Dryer,Cooking Range,True,True,200,
12914,8,0,1,,Clothes Dryer,Cooking Range,True,True,200,
12954,8,0,1,,Clothes Dryer,Cooking Range,True,True,100,
13279,8,0,1,,Water Heating,Cooking Range,True,True,100,
13321,8,1,0,Water Heating,,,True,True,200,
13359,8,0,1,,Clothes Dryer,Cooking Range,True,True,100,
13360,8,0,1,,Clothes Dryer,Cooking Range,True,True,100,
13478,8,0,1,,Water Heating,Cooking Range,True,True,120,
13610,8,0,1,,Water Heating,Cooking Range,True,True,60,
13668,8,0,1,,Clothes Dryer,Cooking Range,True,True,200,
13732,8,0,1,,Clothes Dryer,Water Heating,True,True,200,
13811,8,0,1,,Water Heating,Cooking Range,True,True,100,
13957,8,0,1,,Water Heating,Cooking Range,True,True,125,
13966,8,0,1,,Clothes Dryer,Cooking Range,True,True,100,
14239,8,1,0,Water Heating,,,True,True,200,
14352,8,0,1,,Water Heating,Cooking Range,True,True,60,
14815,8,1,0,Water Heating,,,True,True,150,
14941,8,0,1,,Clothes Dryer,Cooking Range,True,True,100,
15039,8,1,1,Clothes Dryer,Water Heating,Cooking Range,True,True,60,
15750,8,1,0,Water Heating,,,True,True,100,
15930,8,0,1,,Water Heating,Clothes Dryer,True,True,200,
16215,8,0,1,,Clothes Dryer,Cooking Range,True,True,200,
16440,8,0,1,,Water Heating,Cooking Range,True,True,60,
16529,8,0,1,,Water Heating,Clothes Dryer,True,True,100,
16637,8,0,1,,Water Heating,Cooking Range,True,True,60,
16752,8,0,1,,Water Heating,Cooking Range,True,True,60,
17017,8,1,1,Water Heating,Clothes Dryer,Cooking Range,True,True,100,
17018,8,0,1,,Clothes Dryer,Cooking Range,True,True,100,
17320,8,0,1,,Clothes Dryer,Cooking Range,True,True,100,
17386,8,1,0,Water Heating,,,True,True,60,
17464,8,0,1,,Water Heating,Cooking Range,True,True,60,
17545,8,0,1,,Water Heating,Clothes Dryer,True,True,200,
17708,8,1,0,Water Heating,,,True,True,150,
17821,8,1,1,Water Heating,Clothes Dryer,Cooking Range,True,True,60,
18115,8,1,0,Water Heating,,,True,True,100,
18242,8,2,0,Water Heating,,,True,True,60,Clothes Dryer
18273,8,0,1,,Water Heating,Cooking Range,True,True,60,
18419,8,1,0,Water Heating,,,True,True,60,
18996,8,0,1,,Water Heating,Cooking Range,True,True,100,
19048,8,0,1,,Water Heating,Cooking Range,True,True,60,
19068,8,1,1,Water Heating,Clothes Dryer,Cooking Range,True,True,100,
19541,8,0,1,,Water Heating,Cooking Range,True,True,60,
19602,8,0,1,,Clothes Dryer,Cooking Range,True,True,100,
19615,8,0,1,,Water Heating,Cooking Range,True,True,60,
19886,8,0,1,,Water Heating,Clothes Dryer,True,True,100,
19892,8,1,0,Water Heating,,,True,True,60,
19918,8,0,1,,Water Heating,Cooking Range,True,True,60,
19950,8,0,1,,Clothes Dryer,Cooking Range,True,True,125,
19952,8,1,0,Water Heating,,,True,True,200,
20017,8,1,1,Clothes Dryer,Water Heating,Cooking Range,True,True,100,
20321,8,0,1,,Water Heating,Cooking Range,True,True,60,
20325,8,1,1,Water Heating,Clothes Dryer,Cooking Range,True,True,60,
20436,8,0,1,,Clothes Dryer,Water Heating,True,True,200,
20695,8,0,1,,Water Heating,Cooking Range,True,True,60,
20943,8,0,1,,Water Heating,Cooking Range,True,True,60,
21178,8,1,0,Water Heating,,,True,True,60,
21209,8,0,1,,Water Heating,Cooking Range,True,True,200,
21240,8,0,1,,Water Heating,Cooking Range,True,True,60,
21663,8,1,1,Clothes Dryer,Water Heating,Cooking Range,True,True,60,
21887,8,1,0,Water Heating,,,True,True,125,
21950,8,0,1,,Clothes Dryer,Cooking Range,True,True,60,
22026,8,0,1,,Clothes Dryer,Cooking Range,True,True,100,
22068,8,1,1,Water Heating,Clothes Dryer,Cooking Range,True,True,100,
22159,8,0,1,,Water Heating,Cooking Range,True,True,60,
22347,8,0,1,,Water Heating,Cooking Range,True,True,60,
22368,8,1,1,Water Heating,Clothes Dryer,Cooking Range,True,True,200,
22928,8,0,1,,Clothes Dryer,Cooking Range,True,True,100,
22974,8,1,0,Clothes Dryer,,,True,True,200,
23034,8,0,1,,Water Heating,Cooking Range,True,True,60,
23054,8,0,1,,Clothes Dryer,Cooking Range,True,True,100,
23100,8,0,1,,Clothes Dryer,Cooking Range,True,True,100,
23401,8,1,1,Clothes Dryer,Water Heating,Cooking Range,True,True,60,
23506,8,1,0,Clothes Dryer,,,True,True,100,
23534,8,0,1,,Clothes Dryer,Cooking Range,True,True,100,
23663,8,0,1,,Water Heating,Clothes Dryer,True,True,100,
23762,8,0,1,,Water Heating,Cooking Range,True,True,100,
23968,8,0,1,,Water Heating,Cooking Range,True,True,60,
24176,8,0,1,,Clothes Dryer,Cooking Range,True,True,100,
24206,8,0,1,,Water Heating,Cooking Range,True,True,60,
24457,8,0,1,,Clothes Dryer,Cooking Range,True,True,100,
24527,8,1,0,Water Heating,,,True,True,60,
24581,8,1,0,Water Heating,,,True,True,60,
24618,8,0,1,,Water Heating,Clothes Dryer,True,True,100,
24948,8,1,0,Clothes Dryer,,,True,True,100,
24981,8,0,1,,Clothes Dryer,Cooking Range,True,True,200,
25529,8,0,1,,Water Heating,Clothes Dryer,True,True,100,
25605,8,1,1,Clothes Dryer,Water Heating,Cooking Range,True,True,200,
25638,8,1,0,Water Heating,,,True,True,60,
25654,8,0,1,,Water Heating,Clothes Dryer,True,True,100,
25661,8,1,0,Water Heating,,,True,True,100,
25928,8,0,1,,Water Heating,Cooking Range,True,True,60,
26099,8,1,1,Water Heating,Clothes Dryer,Cooking Range,True,True,125,
26240,8,0,1,,Clothes Dryer,Cooking Range,True,True,100,
26372,8,1,0,Water Heating,,,True,True,100,
26562,8,0,1,,Water Heating,Cooking Range,True,True,60,
26580,8,0,1,,Water Heating,Clothes Dryer,True,True,100,
26750,8,1,1,Water Heating,Clothes Dryer,Cooking Range,True,True,100,
27160,8,1,0,Water Heating,,,True,True,125,
27164,8,0,1,,Water Heating,Cooking Range,True,True,60,
27565,8,0,1,,Water Heating,Cooking Range,True,True,60,
27727,8,1,0,Water Heating,,,True,True,60,
27938,8,0,1,,Clothes Dryer,Cooking Range,True,True,200,
27992,8,0,1,,Water Heating,Cooking Range,True,True,150,
28091,8,1,1,Clothes Dryer,Water Heating,Cooking Range,True,True,60,
28183,8,1,0,Water Heating,,,True,True,125,
28319,8,0,1,,Clothes Dryer,Cooking Range,True,True,150,
28394,8,0,1,,Clothes Dryer,Cooking Range,True,True,100,
28430,8,1,1,Water Heating,Clothes Dryer,Cooking Range,True,True,125,
28544,8,0,1,,Water Heating,Cooking Range,True,True,100,
28591,8,0,1,,Clothes Dryer,Cooking Range,True,True,150,
28666,8,0,1,,Water Heating,Cooking Range,True,True,100,
28865,8,0,1,,Clothes Dryer,Cooking Range,True,True,100,
28913,8,1,0,Water Heating,,,True,True,60,
29023,8,0,1,,Water Heating,Cooking Range,True,True,60,
29140,8,0,1,,Water Heating,Cooking Range,True,True,60,
29180,8,1,0,Water Heating,,,True,True,60,
29225,8,1,0,Water Heating,,,True,True,125,
29950,8,0,1,,Water Heating,Clothes Dryer,True,True,200,
2862,9,0,1,,Clothes Dryer,Cooking Range,True,True,100,
5600,9,0,1,,Clothes Dryer,Cooking Range,True,True,150,
13015,9,1,0,Water Heating,,,True,True,100,
19052,9,0,1,,Clothes Dryer,Cooking Range,True,True,100,
19323,9,1,0,Water Heating,,,True,True,100,
21131,9,0,1,,Water Heating,Cooking Range,True,True,100,
24719,9,0,1,,Clothes Dryer,Cooking Range,True,True,100,
1143,10,0,1,,Clothes Dryer,Cooking Range,True,True,100,
1365,10,0,1,,Clothes Dryer,Cooking Range,True,True,100,
4085,10,0,1,,Clothes Dryer,Cooking Range,True,True,125,
6422,10,0,1,,Clothes Dryer,Cooking Range,True,True,100,
12041,10,0,1,,Clothes Dryer,Cooking Range,True,True,100,
25879,10,0,1,,Water Heating,Clothes Dryer,True,True,125,
4651,11,0,1,,Clothes Dryer,Cooking Range,True,True,120,
4682,11,0,1,,Water Heating,Cooking Range,True,True,100,
5204,11,0,1,,Clothes Dryer,Cooking Range,True,True,150,
6237,11,0,1,,Clothes Dryer,Cooking Range,True,True,100,
6801,11,0,1,,Clothes Dryer,Cooking Range,True,True,200,
10976,11,0,1,,Water Heating,Cooking Range,True,True,100,
11676,11,0,1,,Water Heating,Cooking Range,True,True,60,
12257,11,0,1,,Clothes Dryer,Cooking Range,True,True,100,
12567,11,0,1,,Water Heating,Cooking Range,True,True,100,
12829,11,0,1,,Water Heating,Clothes Dryer,True,True,100,
13049,11,0,1,,Water Heating,Clothes Dryer,True,True,100,
13169,11,0,1,,Water Heating,Cooking Range,True,True,100,
13978,11,1,0,Water Heating,,,True,True,150,
14083,11,0,1,,Water Heating,Clothes Dryer,True,True,100,
14226,11,1,1,Clothes Dryer,Water Heating,Cooking Range,True,True,100,
14735,11,0,1,,Clothes Dryer,Cooking Range,True,True,100,
15290,11,0,1,,Clothes Dryer,Cooking Range,True,True,100,
17520,11,1,0,Water Heating,,,True,True,90,
19265,11,0,1,,Water Heating,Cooking Range,True,True,100,
22058,11,0,1,,Water Heating,Clothes Dryer,True,True,100,
23821,11,0,1,,Clothes Dryer,Cooking Range,True,True,100,
24109,11,0,1,,Clothes Dryer,Cooking Range,True,True,100,
27127,11,1,0,Water Heating,,,True,True,100,
28927,11,0,1,,Water Heating,Clothes Dryer,True,True,125,
29523,11,0,1,,Clothes Dryer,Cooking Range,True,True,100,
865,12,0,1,,Water Heating,Clothes Dryer,True,True,120,
1206,12,0,1,,Clothes Dryer,Cooking Range,True,True,100,
2945,12,0,1,,Water Heating,Cooking Range,True,True,200,
5682,12,0,1,,Clothes Dryer,Cooking Range,True,True,100,
12419,12,0,1,,Water Heating,Clothes Dryer,True,True,125,
23909,12,0,1,,Water Heating,Cooking Range,True,True,100,
43,13,1,0,Clothes Dryer,,,True,True,100,
135,13,1,0,Clothes Dryer,,,True,True,100,
1004,13,1,0,Clothes Dryer,,,True,True,100,
1309,13,1,1,Clothes Dryer,Water Heating,Cooking Range,True,True,100,
1663,13,0,1,,Water Heating,Cooking Range,True,True,100,
1896,13,1,0,Clothes Dryer,,,True,True,125,
2265,13,0,1,,Clothes Dryer,Cooking Range,True,True,100,
4110,13,1,0,Clothes Dryer,,,True,True,100,
4173,13,0,1,,Water Heating,Cooking Range,True,True,60,
4193,13,1,0,Clothes Dryer,,,True,True,100,
4531,13,1,0,Clothes Dryer,,,True,True,60,
5132,13,1,0,Clothes Dryer,,,True,True,100,
5603,13,1,0,Clothes Dryer,,,True,True,100,
5630,13,1,0,Clothes Dryer,,,True,True,100,
5672,13,1,0,Clothes Dryer,,,True,True,100,
5920,13,0,1,,Water Heating,Clothes Dryer,True,True,100,
6001,13,1,0,Clothes Dryer,,,True,True,100,
6168,13,0,1,,Clothes Dryer,Cooking Range,True,True,100,
6248,13,0,1,,Clothes Dryer,Cooking Range,True,True,100,
6340,13,0,1,,Clothes Dryer,Cooking Range,True,True,100,
6360,13,0,1,,Water Heating,Clothes Dryer,True,True,100,
6915,13,1,0,Clothes Dryer,,,True,True,100,
6954,13,1,0,Clothes Dryer,,,True,True,100,
6975,13,0,1,,Water Heating,Cooking Range,True,True,100,
7165,13,1,0,Clothes Dryer,,,True,True,100,
7494,13,0,1,,Clothes Dryer,Cooking Range,True,True,125,
7663,13,0,1,,Clothes Dryer,Cooking Range,True,True,100,
8172,13,1,0,Clothes Dryer,,,True,True,100,
8500,13,0,1,,Clothes Dryer,Cooking Range,True,True,100,
8547,13,0,1,,Water Heating,Clothes Dryer,True,True,100,
8595,13,1,0,Clothes Dryer,,,True,True,100,
8842,13,0,1,,Clothes Dryer,Cooking Range,True,True,100,
9002,13,0,1,,Water Heating,Clothes Dryer,True,True,100,
9064,13,0,1,,Clothes Dryer,Cooking Range,True,True,125,
9248,13,1,0,Clothes Dryer,,,True,True,60,
9294,13,1,0,Clothes Dryer,,,True,True,100,
9401,13,1,0,Clothes Dryer,,,True,True,100,
9747,13,0,1,,Clothes Dryer,Cooking Range,True,True,100,
10257,13,0,1,,Water Heating,Cooking Range,True,True,125,
10329,13,1,0,Clothes Dryer,,,True,True,100,
10354,13,1,0,Clothes Dryer,,,True,True,100,
10405,13,1,0,Clothes Dryer,,,True,True,100,
10590,13,1,1,Clothes Dryer,Water Heating,Cooking Range,True,True,60,
10907,13,0,1,,Clothes Dryer,Cooking Range,True,True,100,
10966,13,0,1,,Clothes Dryer,Cooking Range,True,True,100,
11077,13,0,1,,Water Heating,Cooking Range,True,True,100,
11183,13,1,0,Clothes Dryer,,,True,True,100,
11237,13,1,0,Clothes Dryer,,,True,True,100,
11515,13,0,1,,Water Heating,Cooking Range,True,True,60,
12003,13,0,1,,Water Heating,Cooking Range,True,True,100,
12008,13,1,0,Clothes Dryer,,,True,True,100,
12125,13,1,0,Clothes Dryer,,,True,True,100,
12235,13,1,0,Clothes Dryer,,,True,True,100,
12253,13,0,1,,Water Heating,Clothes Dryer,True,True,100,
12653,13,0,1,,Water Heating,Cooking Range,True,True,100,
13055,13,1,0,Clothes Dryer,,,True,True,100,
13850,13,0,1,,Water Heating,Cooking Range,True,True,100,
14367,13,0,1,,Clothes Dryer,Cooking Range,True,True,100,
14791,13,0,1,,Clothes Dryer,Cooking Range,True,True,100,
14953,13,0,1,,Water Heating,Clothes Dryer,True,True,100,
15088,13,0,1,,Water Heating,Clothes Dryer,True,True,100,
15274,13,0,1,,Clothes Dryer,Cooking Range,True,True,100,
15480,13,0,1,,Water Heating,Clothes Dryer,True,True,100,
15550,13,0,1,,Clothes Dryer,Cooking Range,True,True,125,
15838,13,0,1,,Clothes Dryer,Cooking Range,True,True,100,
16157,13,1,0,Clothes Dryer,,,True,True,100,
16304,13,0,1,,Clothes Dryer,Cooking Range,True,True,100,
16404,13,1,0,Clothes Dryer,,,True,True,100,
16979,13,0,1,,Clothes Dryer,Cooking Range,True,True,100,
17163,13,1,0,Clothes Dryer,,,True,True,125,
17177,13,1,0,Clothes Dryer,,,True,True,100,
17208,13,1,0,Clothes Dryer,,,True,True,100,
18351,13,1,0,Clothes Dryer,,,True,True,100,
19681,13,1,0,Clothes Dryer,,,True,True,100,
20168,13,0,1,,Clothes Dryer,Cooking Range,True,True,100,
20406,13,1,0,Clothes Dryer,,,True,True,100,
20452,13,1,0,Clothes Dryer,,,True,True,100,
20794,13,0,1,,Clothes Dryer,Cooking Range,True,True,100,
20952,13,1,0,Clothes Dryer,,,True,True,100,
21250,13,1,0,Clothes Dryer,,,True,True,100,
21368,13,0,1,,Clothes Dryer,Water Heating,True,True,100,
21537,13,1,0,Clothes Dryer,,,True,True,100,
21842,13,1,0,Clothes Dryer,,,True,True,100,
22056,13,0,1,,Water Heating,Cooking Range,True,True,100,
22071,13,0,1,,Water Heating,Clothes Dryer,True,True,100,
22659,13,1,0,Clothes Dryer,,,True,True,100,
22979,13,1,0,Clothes Dryer,,,True,True,100,
22990,13,0,1,,Water Heating,Clothes Dryer,True,True,100,
23008,13,1,0,Clothes Dryer,,,True,True,100,
23165,13,0,1,,Clothes Dryer,Cooking Range,True,True,100,
23305,13,1,0,Clothes Dryer,,,True,True,100,
23537,13,0,1,,Clothes Dryer,Water Heating,True,True,100,
23593,13,1,0,Clothes Dryer,,,True,True,100,
23627,13,1,0,Clothes Dryer,,,True,True,100,
23693,13,1,0,Clothes Dryer,,,True,True,100,
23713,13,0,1,,Water Heating,Cooking Range,True,True,100,
23715,13,0,1,,Water Heating,Cooking Range,True,True,100,
23792,13,0,1,,Water Heating,Cooking Range,True,True,100,
24237,13,1,0,Clothes Dryer,,,True,True,100,
24429,13,1,0,Clothes Dryer,,,True,True,100,
24520,13,1,0,Clothes Dryer,,,True,True,100,
24778,13,0,1,,Clothes Dryer,Cooking Range,True,True,125,
24961,13,0,1,,Water Heating,Cooking Range,True,True,100,
25001,13,0,1,,Clothes Dryer,Cooking Range,True,True,100,
25280,13,1,0,Clothes Dryer,,,True,True,100,
25382,13,0,1,,Clothes Dryer,Cooking Range,True,True,100,
25450,13,1,1,Clothes Dryer,Water Heating,Cooking Range,True,True,100,
25608,13,1,0,Clothes Dryer,,,True,True,100,
25689,13,1,0,Clothes Dryer,,,True,True,100,
26266,13,1,0,Clothes Dryer,,,True,True,100,
26527,13,1,0,Clothes Dryer,,,True,True,100,
26914,13,1,0,Clothes Dryer,,,True,True,100,
27366,13,0,1,,Water Heating,Clothes Dryer,True,True,100,
27376,13,1,0,Clothes Dryer,,,True,True,100,
27430,13,1,0,Clothes Dryer,,,True,True,100,
27452,13,0,1,,Water Heating,Cooking Range,True,True,100,
27865,13,0,1,,Clothes Dryer,Cooking Range,True,True,100,
27998,13,1,0,Clothes Dryer,,,True,True,100,
28190,13,1,0,Clothes Dryer,,,True,True,100,
28561,13,1,0,Clothes Dryer,,,True,True,100,
29053,13,1,0,Clothes Dryer,,,True,True,100,
29824,13,0,1,,Clothes Dryer,Cooking Range,True,True,100,
29826,13,1,0,Clothes Dryer,,,True,True,100,
29839,13,1,0,Clothes Dryer,,,True,True,100,
29865,13,1,0,Clothes Dryer,,,True,True,100,
822,14,1,0,Clothes Dryer,,,True,True,100,
1141,14,1,0,Clothes Dryer,,,True,True,100,
1318,14,0,1,,Clothes Dryer,Cooking Range,True,True,100,
1436,14,1,0,Clothes Dryer,,,True,True,100,
1679,14,1,0,Clothes Dryer,,,True,True,100,
2482,14,1,0,Clothes Dryer,,,True,True,100,
2562,14,1,0,Clothes Dryer,,,True,True,100,
2746,14,1,0,Clothes Dryer,,,True,True,100,
3058,14,0,1,,Water Heating,Cooking Range,True,True,100,
3319,14,1,0,Clothes Dryer,,,True,True,100,
3397,14,1,0,Clothes Dryer,,,True,True,100,
3422,14,1,1,Clothes Dryer,Water Heating,Cooking Range,True,True,100,
3547,14,0,1,,Clothes Dryer,Cooking Range,True,True,125,
4469,14,0,1,,Clothes Dryer,Cooking Range,True,True,100,
4523,14,1,0,Clothes Dryer,,,True,True,100,
5189,14,0,1,,Water Heating,Cooking Range,True,True,125,
5342,14,1,0,Clothes Dryer,,,True,True,100,
5513,14,0,1,,Clothes Dryer,Cooking Range,True,True,125,
5700,14,1,0,Clothes Dryer,,,True,True,100,
5721,14,1,0,Clothes Dryer,,,True,True,100,
6021,14,0,1,,Clothes Dryer,Cooking Range,True,True,150,
6318,14,0,1,,Clothes Dryer,Cooking Range,True,True,100,
6438,14,1,0,Clothes Dryer,,,True,True,100,
6621,14,0,1,,Water Heating,Cooking Range,True,True,100,
6928,14,0,1,,Water Heating,Clothes Dryer,True,True,100,
7052,14,0,1,,Clothes Dryer,Cooking Range,True,True,100,
7137,14,0,1,,Water Heating,Clothes Dryer,True,True,100,
7515,14,1,0,Clothes Dryer,,,True,True,100,
8005,14,0,1,,Water Heating,Clothes Dryer,True,True,100,
9754,14,1,0,Clothes Dryer,,,True,True,100,
10487,14,1,0,Clothes Dryer,,,True,True,100,
10614,14,1,0,Clothes Dryer,,,True,True,100,
12591,14,0,1,,Clothes Dryer,Cooking Range,True,True,100,
12645,14,0,1,,Clothes Dryer,Cooking Range,True,True,100,
13102,14,1,0,Clothes Dryer,,,True,True,100,
13526,14,1,0,Clothes Dryer,,,True,True,150,
13976,14,0,1,,Clothes Dryer,Cooking Range,True,True,100,
14476,14,1,0,Clothes Dryer,,,True,True,100,
14510,14,1,0,Clothes Dryer,,,True,True,100,
15003,14,0,1,,Clothes Dryer,Cooking Range,True,True,100,
15252,14,0,1,,Clothes Dryer,Cooking Range,True,True,120,
15354,14,1,0,Clothes Dryer,,,True,True,100,
15532,14,0,1,,Water Heating,Cooking Range,True,True,100,
16531,14,0,1,,Clothes Dryer,Cooking Range,True,True,100,
16777,14,0,1,,Clothes Dryer,Cooking Range,True,True,100,
17238,14,1,1,Clothes Dryer,Water Heating,Cooking Range,True,True,100,
17336,14,0,1,,Clothes Dryer,Cooking Range,True,True,100,
17402,14,0,1,,Water Heating,Clothes Dryer,True,True,100,
17605,14,0,1,,Clothes Dryer,Cooking Range,True,True,100,
17668,14,0,1,,Clothes Dryer,Cooking Range,True,True,100,
18079,14,0,1,,Clothes Dryer,Cooking Range,True,True,100,
18196,14,1,0,Clothes Dryer,,,True,True,100,
18620,14,1,0,Clothes Dryer,,,True,True,100,
18866,14,0,1,,Clothes Dryer,Cooking Range,True,True,100,
18987,14,1,0,Clothes Dryer,,,True,True,100,
19613,14,0,1,,Water Heating,Clothes Dryer,True,True,100,
21109,14,1,0,Clothes Dryer,,,True,True,100,
21998,14,1,0,Clothes Dryer,,,True,True,100,
22455,14,0,1,,Clothes Dryer,Cooking Range,True,True,150,
22470,14,0,1,,Clothes Dryer,Cooking Range,True,True,125,
23956,14,1,1,Clothes Dryer,Water Heating,Cooking Range,True,True,100,
24103,14,1,0,Clothes Dryer,,,True,True,100,
24541,14,1,0,Clothes Dryer,,,True,True,60,
24997,14,1,0,Clothes Dryer,,,True,True,100,
25032,14,1,0,Clothes Dryer,,,True,True,100,
25478,14,0,1,,Water Heating,Clothes Dryer,True,True,100,
25479,14,0,1,,Water Heating,Cooking Range,True,True,100,
25558,14,0,1,,Clothes Dryer,Cooking Range,True,True,125,
25737,14,0,1,,Clothes Dryer,Water Heating,True,True,100,
27410,14,1,0,Clothes Dryer,,,True,True,100,
28122,14,1,1,Clothes Dryer,Water Heating,Cooking Range,True,True,100,
28184,14,1,0,Clothes Dryer,,,True,True,100,
28852,14,1,1,Water Heating,Clothes Dryer,Cooking Range,True,True,100,
28859,14,1,0,Clothes Dryer,,,True,True,100,
29268,14,0,1,,Water Heating,Clothes Dryer,True,True,100,
29272,14,1,0,Clothes Dryer,,,True,True,100,
29730,14,1,0,Clothes Dryer,,,True,True,100,
62,15,1,0,Water Heating,,,True,True,200,
64,15,0,1,,Clothes Dryer,Cooking Range,True,True,100,
80,15,0,1,,Water Heating,Clothes Dryer,True,True,125,
95,15,0,1,,Clothes Dryer,Cooking Range,True,True,100,
113,15,1,0,Water Heating,,,True,True,100,
177,15,0,1,,Clothes Dryer,Cooking Range,True,True,125,
213,15,1,1,Water Heating,Clothes Dryer,Cooking Range,True,True,125,
221,15,1,1,Clothes Dryer,Water Heating,Cooking Range,True,True,100,
306,15,0,1,,Water Heating,Clothes Dryer,True,True,100,
440,15,0,1,,Water Heating,Clothes Dryer,True,True,100,
476,15,0,1,,Water Heating,Clothes Dryer,True,True,100,
507,15,0,1,,Clothes Dryer,Cooking Range,True,True,100,
517,15,1,1,Water Heating,Clothes Dryer,Cooking Range,True,True,100,
537,15,0,1,,Clothes Dryer,Cooking Range,True,True,100,
570,15,1,1,Clothes Dryer,Water Heating,Cooking Range,True,True,100,
638,15,0,1,,Clothes Dryer,Water Heating,True,True,200,
641,15,0,1,,Clothes Dryer,Cooking Range,True,True,100,
731,15,0,1,,Clothes Dryer,Cooking Range,True,True,100,
843,15,1,0,Clothes Dryer,,,True,True,125,
887,15,0,1,,Water Heating,Clothes Dryer,True,True,125,
950,15,1,0,Water Heating,,,True,True,200,
964,15,1,1,Clothes Dryer,Water Heating,Cooking Range,True,True,125,
1052,15,0,1,,Clothes Dryer,Cooking Range,True,True,200,
1119,15,0,1,,Water Heating,Clothes Dryer,True,True,125,
1168,15,0,1,,Water Heating,Clothes Dryer,True,True,100,
1190,15,0,1,,Clothes Dryer,Cooking Range,True,True,125,
1212,15,1,0,Water Heating,,,True,True,60,
1357,15,0,1,,Clothes Dryer,Cooking Range,True,True,100,
1378,15,1,0,Water Heating,,,True,True,60,
1409,15,1,1,Water Heating,Clothes Dryer,Cooking Range,True,True,100,
1411,15,0,1,,Clothes Dryer,Cooking Range,True,True,100,
1504,15,0,1,,Clothes Dryer,Cooking Range,True,True,125,
1517,15,0,1,,Clothes Dryer,Cooking Range,True,True,60,
1624,15,0,1,,Clothes Dryer,Cooking Range,True,True,100,
1738,15,0,1,,Clothes Dryer,Cooking Range,True,True,125,
1763,15,0,1,,Water Heating,Clothes Dryer,True,True,100,
1793,15,0,1,,Water Heating,Cooking Range,True,True,60,
1815,15,0,1,,Clothes Dryer,Cooking Range,True,True,100,
1946,15,0,1,,Water Heating,Cooking Range,True,True,100,
1979,15,0,1,,Water Heating,Cooking Range,True,True,100,
2110,15,1,0,Water Heating,,,True,True,125,
2284,15,0,1,,Water Heating,Clothes Dryer,True,True,100,
2580,15,0,1,,Clothes Dryer,Cooking Range,True,True,100,
2642,15,1,1,Water Heating,Clothes Dryer,Cooking Range,True,True,100,
2670,15,0,1,,Clothes Dryer,Cooking Range,True,True,125,
2798,15,0,1,,Water Heating,Cooking Range,True,True,60,
2800,15,1,1,Water Heating,Clothes Dryer,Cooking Range,True,True,100,
2826,15,0,1,,Clothes Dryer,Cooking Range,True,True,125,
2904,15,0,1,,Clothes Dryer,Cooking Range,True,True,100,
2933,15,0,1,,Water Heating,Cooking Range,True,True,125,
2961,15,1,1,Clothes Dryer,Water Heating,Cooking Range,True,True,100,
3014,15,1,1,Clothes Dryer,Water Heating,Cooking Range,True,True,200,
3018,15,1,1,Water Heating,Clothes Dryer,Cooking Range,True,True,125,
3024,15,0,1,,Clothes Dryer,Cooking Range,True,True,100,
3039,15,1,1,Water Heating,Clothes Dryer,Cooking Range,True,True,100,
3072,15,1,1,Water Heating,Clothes Dryer,Cooking Range,True,True,100,
3097,15,0,1,,Clothes Dryer,Cooking Range,True,True,100,
3127,15,1,1,Water Heating,Clothes Dryer,Cooking Range,True,True,60,
3172,15,1,1,Water Heating,Clothes Dryer,Cooking Range,True,True,200,
3184,15,1,0,Water Heating,,,True,True,100,
3208,15,0,1,,Water Heating,Cooking Range,True,True,60,
3382,15,0,1,,Clothes Dryer,Cooking Range,True,True,150,
3384,15,0,1,,Clothes Dryer,Water Heating,True,True,100,
3727,15,0,1,,Water Heating,Clothes Dryer,True,True,200,
3769,15,0,1,,Water Heating,Clothes Dryer,True,True,100,
3801,15,1,1,Water Heating,Clothes Dryer,Cooking Range,True,True,100,
3830,15,0,1,,Water Heating,Cooking Range,True,True,100,
3955,15,1,0,Water Heating,,,True,True,200,
3997,15,0,1,,Clothes Dryer,Cooking Range,True,True,100,
4000,15,0,1,,Clothes Dryer,Cooking Range,True,True,125,
4039,15,1,1,Clothes Dryer,Water Heating,Cooking Range,True,True,100,
4166,15,0,1,,Water Heating,Cooking Range,True,True,60,
4262,15,0,1,,Water Heating,Cooking Range,True,True,100,
4287,15,0,1,,Water Heating,Cooking Range,True,True,100,
4364,15,1,1,Water Heating,Clothes Dryer,Cooking Range,True,True,60,
4371,15,1,1,Water Heating,Clothes Dryer,Cooking Range,True,True,60,
4374,15,0,1,,Clothes Dryer,Cooking Range,True,True,100,
4406,15,0,1,,Clothes Dryer,Cooking Range,True,True,250,
4450,15,0,1,,Water Heating,Cooking Range,True,True,60,
4578,15,0,1,,Clothes Dryer,Cooking Range,True,True,200,
4660,15,0,1,,Water Heating,Clothes Dryer,True,True,150,
4764,15,1,1,Water Heating,Clothes Dryer,Cooking Range,True,True,100,
4780,15,0,1,,Water Heating,Cooking Range,True,True,150,
4861,15,1,1,Clothes Dryer,Water Heating,Cooking Range,True,True,100,
4864,15,1,1,Water Heating,Clothes Dryer,Cooking Range,True,True,125,
4944,15,0,1,,Clothes Dryer,Cooking Range,True,True,125,
4964,15,0,1,,Clothes Dryer,Cooking Range,True,True,100,
5080,15,0,1,,Water Heating,Clothes Dryer,True,True,100,
5246,15,0,1,,Water Heating,Cooking Range,True,True,60,
5249,15,1,1,Water Heating,Clothes Dryer,Cooking Range,True,True,100,
5289,15,1,1,Water Heating,Clothes Dryer,Cooking Range,True,True,100,
5361,15,0,1,,Water Heating,Cooking Range,True,True,125,
5443,15,0,1,,Water Heating,Cooking Range,True,True,60,
5466,15,0,1,,Water Heating,Cooking Range,True,True,60,
5471,15,0,1,,Water Heating,Cooking Range,True,True,60,
5497,15,1,1,Water Heating,Clothes Dryer,Cooking Range,True,True,125,
5505,15,0,1,,Water Heating,Cooking Range,True,True,60,
5518,15,0,1,,Water Heating,Clothes Dryer,True,True,100,
5596,15,0,1,,Clothes Dryer,Cooking Range,True,True,100,
5743,15,0,1,,Clothes Dryer,Cooking Range,True,True,60,
5769,15,0,1,,Clothes Dryer,Cooking Range,True,True,100,
5824,15,1,1,Water Heating,Clothes Dryer,Cooking Range,True,True,150,
5828,15,1,1,Water Heating,Clothes Dryer,Cooking Range,True,True,100,
5882,15,0,1,,Water Heating,Clothes Dryer,True,True,200,
5984,15,0,1,,Clothes Dryer,Cooking Range,True,True,100,
6115,15,0,1,,Water Heating,Cooking Range,True,True,60,
6147,15,0,1,,Clothes Dryer,Water Heating,True,True,200,
6169,15,0,1,,Clothes Dryer,Cooking Range,True,True,100,
6277,15,1,0,Water Heating,,,True,True,100,
6299,15,0,1,,Water Heating,Cooking Range,True,True,200,
6324,15,0,1,,Clothes Dryer,Cooking Range,True,True,200,
6501,15,0,1,,Clothes Dryer,Cooking Range,True,True,100,
6632,15,0,1,,Clothes Dryer,Cooking Range,True,True,100,
6664,15,0,1,,Water Heating,Cooking Range,True,True,125,
6702,15,0,1,,Water Heating,Clothes Dryer,True,True,125,
6746,15,1,1,Water Heating,Clothes Dryer,Cooking Range,True,True,125,
6830,15,0,1,,Water Heating,Clothes Dryer,True,True,125,
6840,15,1,0,Water Heating,,,True,True,60,
6919,15,1,0,Water Heating,,,True,True,200,
6953,15,0,1,,Water Heating,Cooking Range,True,True,60,
6966,15,0,1,,Water Heating,Cooking Range,True,True,125,
6972,15,0,1,,Water Heating,Clothes Dryer,True,True,100,
7114,15,0,1,,Clothes Dryer,Cooking Range,True,True,200,
7141,15,1,1,Water Heating,Clothes Dryer,Cooking Range,True,True,125,
7361,15,0,1,,Water Heating,Cooking Range,True,True,200,
7426,15,1,1,Clothes Dryer,Water Heating,Cooking Range,True,True,100,
7524,15,1,0,Water Heating,,,True,True,200,
7604,15,0,1,,Clothes Dryer,Cooking Range,True,True,100,
7821,15,0,1,,Clothes Dryer,Cooking Range,True,True,100,
8043,15,0,1,,Water Heating,Cooking Range,True,True,200,
8056,15,0,1,,Water Heating,Cooking Range,True,True,60,
8156,15,1,0,Water Heating,,,True,True,60,
8188,15,1,0,Water Heating,,,True,True,200,
8216,15,0,1,,Water Heating,Cooking Range,True,True,60,
8230,15,1,1,Clothes Dryer,Water Heating,Cooking Range,True,True,100,
8243,15,0,1,,Clothes Dryer,Cooking Range,True,True,100,
8265,15,0,1,,Water Heating,Cooking Range,True,True,100,
8298,15,0,1,,Water Heating,Cooking Range,True,True,60,
8307,15,0,1,,Water Heating,Cooking Range,True,True,60,
8383,15,1,1,Water Heating,Clothes Dryer,Cooking Range,True,True,100,
8388,15,1,0,Water Heating,,,True,True,200,
8639,15,1,0,Water Heating,,,True,True,200,
8749,15,0,1,,Water Heating,Cooking Range,True,True,100,
8784,15,0,1,,Water Heating,Cooking Range,True,True,60,
8788,15,0,1,,Water Heating,Cooking Range,True,True,100,
8829,15,1,1,Water Heating,Clothes Dryer,Cooking Range,True,True,100,
8894,15,0,1,,Clothes Dryer,Cooking Range,True,True,100,
9144,15,0,1,,Clothes Dryer,Cooking Range,True,True,100,
9165,15,0,1,,Clothes Dryer,Cooking Range,True,True,100,
9231,15,1,1,Clothes Dryer,Water Heating,Cooking Range,True,True,60,
9322,15,1,1,Clothes Dryer,Water Heating,Cooking Range,True,True,100,
9335,15,1,1,Water Heating,Clothes Dryer,Cooking Range,True,True,100,
9463,15,1,0,Water Heating,,,True,True,100,
9477,15,0,1,,Water Heating,Cooking Range,True,True,60,
9628,15,0,1,,Water Heating,Clothes Dryer,True,True,100,
9637,15,0,1,,Water Heating,Clothes Dryer,True,True,100,
9718,15,0,1,,Clothes Dryer,Water Heating,True,True,100,
9722,15,0,1,,Water Heating,Cooking Range,True,True,60,
9758,15,0,1,,Clothes Dryer,Cooking Range,True,True,100,
9801,15,0,1,,Clothes Dryer,Cooking Range,True,True,200,
9882,15,1,1,Clothes Dryer,Water Heating,Cooking Range,True,True,100,
9895,15,0,1,,Clothes Dryer,Cooking Range,True,True,200,
9934,15,0,1,,Water Heating,Clothes Dryer,True,True,125,
9949,15,0,1,,Water Heating,Clothes Dryer,True,True,125,
10007,15,0,1,,Clothes Dryer,Cooking Range,True,True,100,
10051,15,1,0,Water Heating,,,True,True,100,
10135,15,0,1,,Water Heating,Cooking Range,True,True,100,
10195,15,0,1,,Water Heating,Cooking Range,True,True,125,
10230,15,1,1,Clothes Dryer,Water Heating,Cooking Range,True,True,100,
10240,15,0,1,,Water Heating,Cooking Range,True,True,100,
10243,15,0,1,,Clothes Dryer,Cooking Range,True,True,100,
10292,15,1,0,Water Heating,,,True,True,200,
10331,15,0,1,,Clothes Dryer,Cooking Range,True,True,90,
10364,15,0,1,,Water Heating,Cooking Range,True,True,100,
10376,15,0,1,,Water Heating,Cooking Range,True,True,125,
10404,15,0,1,,Water Heating,Clothes Dryer,True,True,100,
10492,15,0,1,,Clothes Dryer,Cooking Range,True,True,125,
10577,15,0,1,,Clothes Dryer,Cooking Range,True,True,100,
10646,15,1,1,Water Heating,Clothes Dryer,Cooking Range,True,True,100,
10719,15,1,0,Clothes Dryer,,,True,True,100,
10771,15,0,1,,Clothes Dryer,Cooking Range,True,True,100,
10815,15,0,1,,Clothes Dryer,Cooking Range,True,True,100,
11009,15,0,1,,Clothes Dryer,Cooking Range,True,True,125,
11023,15,1,1,Clothes Dryer,Water Heating,Cooking Range,True,True,100,
11066,15,0,1,,Water Heating,Cooking Range,True,True,100,
11146,15,1,1,Water Heating,Clothes Dryer,Cooking Range,True,True,100,
11167,15,0,1,,Clothes Dryer,Cooking Range,True,True,200,
11260,15,1,0,Water Heating,,,True,True,100,
11351,15,0,1,,Water Heating,Cooking Range,True,True,200,
11370,15,1,1,Water Heating,Clothes Dryer,Cooking Range,True,True,100,
11465,15,0,1,,Water Heating,Cooking Range,True,True,60,
11483,15,0,1,,Clothes Dryer,Cooking Range,True,True,100,
11488,15,0,1,,Water Heating,Cooking Range,True,True,200,
11499,15,0,1,,Water Heating,Cooking Range,True,True,100,
11568,15,0,1,,Water Heating,Clothes Dryer,True,True,100,
11584,15,1,1,Clothes Dryer,Water Heating,Cooking Range,True,True,120,
11683,15,0,1,,Clothes Dryer,Water Heating,True,True,200,
11689,15,0,1,,Water Heating,Cooking Range,True,True,100,
11736,15,0,1,,Water Heating,Clothes Dryer,True,True,100,
11752,15,0,1,,Water Heating,Cooking Range,True,True,60,
11815,15,0,1,,Water Heating,Clothes Dryer,True,True,200,
12150,15,0,1,,Clothes Dryer,Cooking Range,True,True,100,
12217,15,1,0,Water Heating,,,True,True,200,
12366,15,0,1,,Clothes Dryer,Cooking Range,True,True,100,
12383,15,0,1,,Water Heating,Cooking Range,True,True,60,
12507,15,1,1,Water Heating,Clothes Dryer,Cooking Range,True,True,100,
12514,15,0,1,,Clothes Dryer,Cooking Range,True,True,150,
12571,15,1,0,Water Heating,,,True,True,200,
12695,15,0,1,,Clothes Dryer,Cooking Range,True,True,125,
12698,15,0,1,,Clothes Dryer,Cooking Range,True,True,100,
12735,15,0,1,,Water Heating,Cooking Range,True,True,60,
12913,15,0,1,,Clothes Dryer,Cooking Range,True,True,100,
13041,15,0,1,,Water Heating,Cooking Range,True,True,200,
13084,15,0,1,,Clothes Dryer,Cooking Range,True,True,150,
13098,15,1,1,Water Heating,Clothes Dryer,Cooking Range,True,True,60,
13160,15,1,0,Water Heating,,,True,True,100,
13208,15,0,1,,Water Heating,Clothes Dryer,True,True,100,
13218,15,0,1,,Water Heating,Cooking Range,True,True,60,
13294,15,0,1,,Water Heating,Cooking Range,True,True,60,
13300,15,0,1,,Water Heating,Cooking Range,True,True,100,
13398,15,0,1,,Clothes Dryer,Cooking Range,True,True,125,
13406,15,0,1,,Clothes Dryer,Cooking Range,True,True,100,
13444,15,1,0,Water Heating,,,True,True,100,
13545,15,1,0,Water Heating,,,True,True,60,
13754,15,0,1,,Clothes Dryer,Cooking Range,True,True,200,
13783,15,0,1,,Clothes Dryer,Cooking Range,True,True,100,
13900,15,0,1,,Water Heating,Cooking Range,True,True,60,
13916,15,0,1,,Water Heating,Cooking Range,True,True,100,
13919,15,1,1,Clothes Dryer,Water Heating,Cooking Range,True,True,100,
13942,15,1,0,Water Heating,,,True,True,100,
13965,15,1,0,Water Heating,,,True,True,100,
14048,15,0,1,,Water Heating,Cooking Range,True,True,200,
14069,15,0,1,,Water Heating,Cooking Range,True,True,150,
14114,15,0,1,,Clothes Dryer,Cooking Range,True,True,100,
14150,15,0,1,,Clothes Dryer,Cooking Range,True,True,200,
14162,15,0,1,,Water Heating,Cooking Range,True,True,100,
14277,15,0,1,,Clothes Dryer,Cooking Range,True,True,150,
14293,15,0,1,,Water Heating,Clothes Dryer,True,True,100,
14355,15,0,1,,Water Heating,Cooking Range,True,True,100,
14401,15,0,1,,Water Heating,Cooking Range,True,True,60,
14416,15,0,1,,Clothes Dryer,Cooking Range,True,True,100,
14515,15,0,1,,Water Heating,Cooking Range,True,True,100,
14607,15,1,1,Water Heating,Clothes Dryer,Cooking Range,True,True,200,
14616,15,0,1,,Water Heating,Clothes Dryer,True,True,100,
14628,15,0,1,,Water Heating,Cooking Range,True,True,60,
14687,15,1,0,Water Heating,,,True,True,100,
14753,15,0,1,,Water Heating,Cooking Range,True,True,100,
14836,15,0,1,,Clothes Dryer,Cooking Range,True,True,200,
14932,15,0,1,,Clothes Dryer,Cooking Range,True,True,100,
14964,15,1,0,Water Heating,,,True,True,100,
14980,15,0,1,,Clothes Dryer,Cooking Range,True,True,125,
15065,15,0,1,,Water Heating,Clothes Dryer,True,True,100,
15191,15,1,0,Water Heating,,,True,True,100,
15226,15,1,1,Clothes Dryer,Water Heating,Cooking Range,True,True,60,
15426,15,0,1,,Clothes Dryer,Cooking Range,True,True,100,
15443,15,0,1,,Clothes Dryer,Cooking Range,True,True,100,
15485,15,1,0,Water Heating,,,True,True,100,
15511,15,0,1,,Clothes Dryer,Cooking Range,True,True,200,
15534,15,0,1,,Clothes Dryer,Cooking Range,True,True,100,
15557,15,0,1,,Clothes Dryer,Cooking Range,True,True,100,
15664,15,0,1,,Clothes Dryer,Cooking Range,True,True,60,
15816,15,1,1,Clothes Dryer,Water Heating,Cooking Range,True,True,120,
15919,15,0,1,,Water Heating,Clothes Dryer,True,True,125,
15943,15,0,1,,Water Heating,Clothes Dryer,True,True,100,
16038,15,0,1,,Clothes Dryer,Cooking Range,True,True,100,
16124,15,1,1,Water Heating,Clothes Dryer,Cooking Range,True,True,100,
16182,15,1,0,Water Heating,,,True,True,60,
16276,15,1,1,Clothes Dryer,Water Heating,Cooking Range,True,True,60,
16321,15,0,1,,Clothes Dryer,Cooking Range,True,True,100,
16352,15,1,1,Water Heating,Clothes Dryer,Cooking Range,True,True,100,
16392,15,0,1,,Water Heating,Clothes Dryer,True,True,200,
16400,15,0,1,,Water Heating,Cooking Range,True,True,60,
16439,15,1,1,Clothes Dryer,Water Heating,Cooking Range,True,True,100,
16725,15,1,1,Clothes Dryer,Water Heating,Cooking Range,True,True,100,
16773,15,0,1,,Clothes Dryer,Cooking Range,True,True,120,
16792,15,0,1,,Water Heating,Cooking Range,True,True,60,
16808,15,0,1,,Water Heating,Cooking Range,True,True,200,
16849,15,0,1,,Water Heating,Cooking Range,True,True,60,
16934,15,1,1,Water Heating,Clothes Dryer,Cooking Range,True,True,100,
16949,15,1,1,Clothes Dryer,Water Heating,Cooking Range,True,True,100,
17056,15,1,1,Clothes Dryer,Water Heating,Cooking Range,True,True,60,
17138,15,0,1,,Clothes Dryer,Cooking Range,True,True,100,
17194,15,1,1,Water Heating,Clothes Dryer,Cooking Range,True,True,100,
17237,15,0,1,,Clothes Dryer,Cooking Range,True,True,200,
17292,15,1,1,Clothes Dryer,Water Heating,Cooking Range,True,True,100,
17360,15,1,0,Water Heating,,,True,True,100,
17527,15,0,1,,Water Heating,Cooking Range,True,True,200,
17555,15,0,1,,Clothes Dryer,Cooking Range,True,True,60,
17579,15,0,1,,Water Heating,Clothes Dryer,True,True,120,
17671,15,0,1,,Clothes Dryer,Cooking Range,True,True,100,
17686,15,0,1,,Water Heating,Cooking Range,True,True,60,
17727,15,0,1,,Water Heating,Cooking Range,True,True,60,
17739,15,0,1,,Water Heating,Cooking Range,True,True,60,
17909,15,0,1,,Water Heating,Cooking Range,True,True,60,
17954,15,0,1,,Clothes Dryer,Cooking Range,True,True,100,
18042,15,1,1,Water Heating,Clothes Dryer,Cooking Range,True,True,100,
18140,15,0,1,,Water Heating,Cooking Range,True,True,125,
18339,15,1,1,Water Heating,Clothes Dryer,Cooking Range,True,True,60,
18404,15,0,1,,Water Heating,Cooking Range,True,True,60,
18467,15,0,1,,Water Heating,Cooking Range,True,True,100,
18539,15,0,1,,Water Heating,Cooking Range,True,True,100,
18563,15,1,0,Water Heating,,,True,True,100,
18704,15,0,1,,Water Heating,Cooking Range,True,True,60,
18705,15,0,1,,Water Heating,Cooking Range,True,True,125,
18826,15,0,1,,Clothes Dryer,Cooking Range,True,True,100,
18856,15,0,1,,Water Heating,Cooking Range,True,True,100,
18968,15,0,1,,Water Heating,Clothes Dryer,True,True,100,
19080,15,1,1,Clothes Dryer,Water Heating,Cooking Range,True,True,100,
19280,15,1,1,Clothes Dryer,Water Heating,Cooking Range,True,True,100,
19376,15,0,1,,Water Heating,Cooking Range,True,True,125,
19383,15,1,0,Clothes Dryer,,,True,True,100,
19418,15,1,0,Water Heating,,,True,True,60,
19443,15,0,1,,Clothes Dryer,Cooking Range,True,True,125,
19538,15,2,0,Water Heating,,,True,True,200,Clothes Dryer
19747,15,0,1,,Clothes Dryer,Cooking Range,True,True,100,
19852,15,0,1,,Clothes Dryer,Cooking Range,True,True,100,
19907,15,0,1,,Water Heating,Cooking Range,True,True,100,
19917,15,0,1,,Water Heating,Cooking Range,True,True,60,
19924,15,1,1,Clothes Dryer,Water Heating,Cooking Range,True,True,100,
19966,15,0,1,,Water Heating,Clothes Dryer,True,True,100,
20045,15,1,1,Water Heating,Clothes Dryer,Cooking Range,True,True,100,
20180,15,0,1,,Water Heating,Cooking Range,True,True,100,
20317,15,0,1,,Water Heating,Cooking Range,True,True,100,
20433,15,1,0,Water Heating,,,True,True,100,
20490,15,0,1,,Clothes Dryer,Cooking Range,True,True,100,
20599,15,0,1,,Clothes Dryer,Cooking Range,True,True,150,
20699,15,0,1,,Clothes Dryer,Cooking Range,True,True,100,
20722,15,0,1,,Clothes Dryer,Cooking Range,True,True,100,
20785,15,1,1,Clothes Dryer,Water Heating,Cooking Range,True,True,100,
21024,15,0,1,,Clothes Dryer,Cooking Range,True,True,100,
21032,15,0,1,,Water Heating,Cooking Range,True,True,100,
21051,15,1,1,Water Heating,Clothes Dryer,Cooking Range,True,True,125,
21060,15,0,1,,Clothes Dryer,Cooking Range,True,True,200,
21150,15,0,1,,Water Heating,Cooking Range,True,True,100,
21171,15,0,1,,Water Heating,Cooking Range,True,True,100,
21200,15,0,1,,Water Heating,Clothes Dryer,True,True,150,
21557,15,0,1,,Water Heating,Cooking Range,True,True,100,
21575,15,0,1,,Water Heating,Clothes Dryer,True,True,125,
21645,15,1,1,Water Heating,Clothes Dryer,Cooking Range,True,True,200,
21679,15,0,1,,Clothes Dryer,Cooking Range,True,True,100,
21692,15,0,1,,Water Heating,Cooking Range,True,True,60,
21715,15,0,1,,Water Heating,Clothes Dryer,True,True,125,
21752,15,0,1,,Clothes Dryer,Cooking Range,True,True,100,
21753,15,0,1,,Clothes Dryer,Cooking Range,True,True,100,
21818,15,0,1,,Clothes Dryer,Cooking Range,True,True,100,
21937,15,0,1,,Water Heating,Cooking Range,True,True,125,
22233,15,1,1,Clothes Dryer,Water Heating,Cooking Range,True,True,100,
22361,15,1,1,Water Heating,Clothes Dryer,Cooking Range,True,True,100,
22442,15,0,1,,Water Heating,Cooking Range,True,True,100,
22609,15,1,1,Water Heating,Clothes Dryer,Cooking Range,True,True,100,
22619,15,0,1,,Clothes Dryer,Cooking Range,True,True,200,
22622,15,0,1,,Water Heating,Clothes Dryer,True,True,200,
22643,15,1,0,Water Heating,,,True,True,90,
22700,15,0,1,,Water Heating,Cooking Range,True,True,150,
22703,15,0,1,,Water Heating,Clothes Dryer,True,True,100,
22892,15,0,1,,Clothes Dryer,Cooking Range,True,True,125,
22917,15,0,1,,Clothes Dryer,Cooking Range,True,True,200,
23029,15,1,1,Water Heating,Clothes Dryer,Cooking Range,True,True,60,
23033,15,0,1,,Water Heating,Cooking Range,True,True,60,
23050,15,1,1,Water Heating,Clothes Dryer,Cooking Range,True,True,100,
23060,15,0,1,,Water Heating,Cooking Range,True,True,200,
23071,15,0,1,,Water Heating,Cooking Range,True,True,60,
23240,15,0,1,,Clothes Dryer,Cooking Range,True,True,125,
23393,15,1,0,Water Heating,,,True,True,100,
23441,15,0,1,,Water Heating,Cooking Range,True,True,60,
23785,15,0,1,,Water Heating,Cooking Range,True,True,125,
23813,15,0,1,,Clothes Dryer,Cooking Range,True,True,100,
23940,15,1,1,Water Heating,Clothes Dryer,Cooking Range,True,True,120,
24111,15,1,0,Water Heating,,,True,True,100,
24168,15,0,1,,Clothes Dryer,Cooking Range,True,True,100,
24212,15,0,1,,Water Heating,Clothes Dryer,True,True,200,
24240,15,0,1,,Clothes Dryer,Cooking Range,True,True,100,
24250,15,0,1,,Water Heating,Cooking Range,True,True,60,
24265,15,0,1,,Water Heating,Cooking Range,True,True,100,
24274,15,1,0,Water Heating,,,True,True,100,
24297,15,0,1,,Water Heating,Cooking Range,True,True,200,
24363,15,0,1,,Water Heating,Clothes Dryer,True,True,100,
24724,15,1,1,Clothes Dryer,Water Heating,Cooking Range,True,True,100,
24794,15,1,1,Water Heating,Clothes Dryer,Cooking Range,True,True,125,
24864,15,1,1,Water Heating,Clothes Dryer,Cooking Range,True,True,90,
24953,15,0,1,,Clothes Dryer,Cooking Range,True,True,100,
25075,15,0,1,,Water Heating,Clothes Dryer,True,True,100,
25081,15,1,1,Water Heating,Clothes Dryer,Cooking Range,True,True,100,
25240,15,0,1,,Water Heating,Cooking Range,True,True,60,
25253,15,0,1,,Water Heating,Cooking Range,True,True,60,
25255,15,1,1,Clothes Dryer,Water Heating,Cooking Range,True,True,120,
25302,15,0,1,,Clothes Dryer,Cooking Range,True,True,100,
25393,15,0,1,,Clothes Dryer,Cooking Range,True,True,100,
25456,15,1,0,Water Heating,,,True,True,100,
25635,15,0,1,,Water Heating,Clothes Dryer,True,True,125,
25704,15,0,1,,Clothes Dryer,Cooking Range,True,True,100,
25804,15,0,1,,Water Heating,Cooking Range,True,True,60,
25809,15,0,1,,Clothes Dryer,Cooking Range,True,True,200,
25830,15,0,1,,Water Heating,Cooking Range,True,True,60,
25846,15,0,1,,Clothes Dryer,Cooking Range,True,True,200,
25978,15,0,1,,Clothes Dryer,Cooking Range,True,True,150,
26008,15,0,1,,Water Heating,Clothes Dryer,True,True,150,
26065,15,0,1,,Clothes Dryer,Cooking Range,True,True,125,
26161,15,0,1,,Water Heating,Clothes Dryer,True,True,125,
26184,15,0,1,,Water Heating,Cooking Range,True,True,100,
26249,15,0,1,,Water Heating,Cooking Range,True,True,100,
26287,15,0,1,,Water Heating,Clothes Dryer,True,True,200,
26599,15,0,1,,Water Heating,Clothes Dryer,True,True,125,
26607,15,0,1,,Clothes Dryer,Cooking Range,True,True,200,
26716,15,0,1,,Clothes Dryer,Cooking Range,True,True,200,
26772,15,0,1,,Clothes Dryer,Cooking Range,True,True,100,
26779,15,1,0,Water Heating,,,True,True,200,
26973,15,1,0,Water Heating,,,True,True,125,
27088,15,0,1,,Water Heating,Cooking Range,True,True,125,
27110,15,0,1,,Clothes Dryer,Cooking Range,True,True,100,
27141,15,0,1,,Clothes Dryer,Cooking Range,True,True,100,
27357,15,0,1,,Clothes Dryer,Cooking Range,True,True,100,
27386,15,0,1,,Water Heating,Cooking Range,True,True,60,
27402,15,1,0,Water Heating,,,True,True,200,
27411,15,1,1,Water Heating,Clothes Dryer,Cooking Range,True,True,100,
27413,15,0,1,,Water Heating,Cooking Range,True,True,100,
27488,15,0,1,,Water Heating,Cooking Range,True,True,200,
27551,15,1,1,Water Heating,Clothes Dryer,Cooking Range,True,True,100,
27608,15,0,1,,Clothes Dryer,Cooking Range,True,True,200,
27721,15,1,1,Clothes Dryer,Water Heating,Cooking Range,True,True,125,
27839,15,0,1,,Water Heating,Clothes Dryer,True,True,100,
27847,15,0,1,,Water Heating,Clothes Dryer,True,True,200,
27942,15,0,1,,Water Heating,Clothes Dryer,True,True,125,
27953,15,1,1,Clothes Dryer,Water Heating,Cooking Range,True,True,90,
27962,15,0,1,,Water Heating,Cooking Range,True,True,150,
28009,15,0,1,,Water Heating,Clothes Dryer,True,True,125,
28132,15,0,1,,Clothes Dryer,Cooking Range,True,True,100,
28160,15,0,1,,Water Heating,Cooking Range,True,True,100,
28164,15,0,1,,Water Heating,Cooking Range,True,True,60,
28219,15,0,1,,Water Heating,Cooking Range,True,True,125,
28473,15,0,1,,Water Heating,Cooking Range,True,True,100,
28580,15,0,1,,Water Heating,Cooking Range,True,True,100,
28677,15,1,1,Clothes Dryer,Water Heating,Cooking Range,True,True,60,
28711,15,0,1,,Clothes Dryer,Cooking Range,True,True,200,
28820,15,0,1,,Water Heating,Cooking Range,True,True,60,
28851,15,0,1,,Water Heating,Cooking Range,True,True,60,
28855,15,1,1,Clothes Dryer,Water Heating,Cooking Range,True,True,125,
28976,15,0,1,,Clothes Dryer,Cooking Range,True,True,200,
29051,15,0,1,,Water Heating,Cooking Range,True,True,60,
29089,15,1,1,Water Heating,Clothes Dryer,Cooking Range,True,True,100,
29094,15,1,0,Water Heating,,,True,True,100,
29104,15,0,1,,Water Heating,Cooking Range,True,True,200,
29190,15,0,1,,Clothes Dryer,Cooking Range,True,True,125,
29264,15,1,1,Water Heating,Clothes Dryer,Cooking Range,True,True,125,
29273,15,0,1,,Clothes Dryer,Cooking Range,True,True,100,
29329,15,1,1,Water Heating,Clothes Dryer,Cooking Range,True,True,125,
29401,15,0,1,,Water Heating,Clothes Dryer,True,True,125,
29547,15,1,1,Clothes Dryer,Water Heating,Cooking Range,True,True,100,
29664,15,0,1,,Water Heating,Clothes Dryer,True,True,100,
29688,15,0,1,,Clothes Dryer,Cooking Range,True,True,100,
29760,15,1,1,Clothes Dryer,Water Heating,Cooking Range,True,True,100,
29778,15,1,1,Clothes Dryer,Water Heating,Cooking Range,True,True,125,
29861,15,1,0,Water Heating,,,True,True,100,
29864,15,1,1,Water Heating,Clothes Dryer,Cooking Range,True,True,100,
29922,15,1,1,Clothes Dryer,Water Heating,Cooking Range,True,True,100,
29989,15,0,1,,Water Heating,Clothes Dryer,True,True,100,
29999,15,1,1,Clothes Dryer,Water Heating,Cooking Range,True,True,150,
4282,16,0,1,,Clothes Dryer,Cooking Range,True,True,100,
14970,16,0,1,,Clothes Dryer,Cooking Range,True,True,100,
16120,16,0,1,,Clothes Dryer,Cooking Range,True,True,100,
18098,16,0,1,,Clothes Dryer,Cooking Range,True,True,100,
18426,16,0,1,,Clothes Dryer,Cooking Range,True,True,200,
20895,16,0,1,,Clothes Dryer,Cooking Range,True,True,100,
21321,16,0,1,,Clothes Dryer,Cooking Range,True,True,100,
23037,16,0,1,,Clothes Dryer,Cooking Range,True,True,100,
27532,16,0,1,,Clothes Dryer,Cooking Range,True,True,100,
10171,17,0,1,,Clothes Dryer,Cooking Range,True,True,200,
10745,17,0,1,,Clothes Dryer,Cooking Range,True,True,125,
11154,17,0,1,,Clothes Dryer,Cooking Range,True,True,200,
12129,17,0,1,,Clothes Dryer,Cooking Range,True,True,150,
24193,17,0,1,,Clothes Dryer,Cooking Range,True,True,100,
25637,17,0,1,,Clothes Dryer,Cooking Range,True,True,100,
1929,18,0,1,,Clothes Dryer,Cooking Range,True,True,100,
4268,18,0,1,,Clothes Dryer,Cooking Range,True,True,125,
5115,18,0,1,,Clothes Dryer,Cooking Range,True,True,100,
5771,18,0,1,,Clothes Dryer,Cooking Range,True,True,100,
6322,18,0,1,,Clothes Dryer,Cooking Range,True,True,100,
7170,18,0,1,,Clothes Dryer,Cooking Range,True,True,125,
8085,18,0,1,,Clothes Dryer,Cooking Range,True,True,100,
9069,18,0,1,,Clothes Dryer,Cooking Range,True,True,100,
9282,18,0,1,,Clothes Dryer,Cooking Range,True,True,100,
9370,18,0,1,,Clothes Dryer,Cooking Range,True,True,125,
9926,18,0,1,,Clothes Dryer,Cooking Range,True,True,100,
10083,18,0,1,,Clothes Dryer,Cooking Range,True,True,100,
10860,18,0,1,,Clothes Dryer,Cooking Range,True,True,120,
11666,18,0,1,,Clothes Dryer,Cooking Range,True,True,100,
11935,18,0,1,,Clothes Dryer,Cooking Range,True,True,125,
12936,18,0,1,,Clothes Dryer,Cooking Range,True,True,100,
14438,18,0,1,,Clothes Dryer,Cooking Range,True,True,100,
15140,18,0,1,,Clothes Dryer,Cooking Range,True,True,125,
15422,18,0,1,,Clothes Dryer,Cooking Range,True,True,100,
16521,18,0,1,,Clothes Dryer,Cooking Range,True,True,100,
16824,18,0,1,,Clothes Dryer,Cooking Range,True,True,125,
18298,18,0,1,,Clothes Dryer,Cooking Range,True,True,100,
18496,18,0,1,,Clothes Dryer,Cooking Range,True,True,100,
20341,18,0,1,,Clothes Dryer,Cooking Range,True,True,100,
20405,18,0,1,,Clothes Dryer,Cooking Range,True,True,100,
21581,18,0,1,,Clothes Dryer,Cooking Range,True,True,100,
21997,18,0,1,,Clothes Dryer,Cooking Range,True,True,100,
23208,18,0,1,,Clothes Dryer,Cooking Range,True,True,125,
24405,18,0,1,,Clothes Dryer,Cooking Range,True,True,100,
29070,18,0,1,,Clothes Dryer,Cooking Range,True,True,120,
840,19,0,1,,Clothes Dryer,Cooking Range,True,True,100,
3322,19,0,1,,Clothes Dryer,Cooking Range,True,True,100,
3363,19,0,1,,Clothes Dryer,Cooking Range,True,True,100,
6267,19,0,1,,Clothes Dryer,Cooking Range,True,True,100,
6368,19,0,1,,Clothes Dryer,Cooking Range,True,True,100,
8442,19,0,1,,Clothes Dryer,Cooking Range,True,True,150,
8468,19,0,1,,Clothes Dryer,Cooking Range,True,True,100,
8596,19,0,1,,Water Heating,Cooking Range,True,True,125,
10432,19,0,1,,Clothes Dryer,Cooking Range,True,True,100,
12801,19,0,1,,Water Heating,Clothes Dryer,True,True,100,
13858,19,0,1,,Clothes Dryer,Cooking Range,True,True,100,
15064,19,0,1,,Clothes Dryer,Cooking Range,True,True,100,
17451,19,0,1,,Clothes Dryer,Cooking Range,True,True,100,
19076,19,1,1,Clothes Dryer,Water Heating,Cooking Range,True,True,100,
19447,19,0,1,,Clothes Dryer,Cooking Range,True,True,100,
21498,19,0,1,,Clothes Dryer,Cooking Range,True,True,100,
25292,19,0,1,,Clothes Dryer,Cooking Range,True,True,100,
25791,19,0,1,,Clothes Dryer,Cooking Range,True,True,100,
25913,19,0,1,,Clothes Dryer,Cooking Range,True,True,125,
26384,19,0,1,,Clothes Dryer,Cooking Range,True,True,100,
26556,19,0,1,,Clothes Dryer,Cooking Range,True,True,100,
28130,19,0,1,,Clothes Dryer,Cooking Range,True,True,125,
